Pavadinimas,Nuotraukos URL
"ECOSH bioaktyvus Selenas, 150 mcg, 90 kaps.","['https://images.camelia.lt/fit-in/207x207/filters:fill(white,1)/p/10000222425/8b/ecosh-bioaktyvus-selenas-150-mcg-90-kaps-0.jpg']"
"TRX2 maisto papildai plaukams, 90 kaps.","['https://images.camelia.lt/fit-in/207x207/filters:fill(white,1)/p/10000290972/e3/trx2-maisto-papildai-plaukams-90-kaps-0.jpg']"
"BIOCELL BEAUTY SHOTS, 25 ml x 14 vnt.","['https://images.camelia.lt/fit-in/207x207/filters:fill(white,1)/p/10000180225/df/biocell-beauty-shots-25-ml-x-14-vnt-0.jpg']"
"ŠVF maistinės skaidulos BALKŠVŲJŲ GYSLOČIŲ SĖKLU LUOBELĖS, 100 g","['https://images.camelia.lt/fit-in/207x207/filters:fill(white,1)/p/10000163999/01/svf-maistines-skaidulos-balksvuju-gyslociu-seklu-luobeles-100-g-0.jpg']"
"ACONITUM maisto papildas B COMPLEX, 40 kaps.","['https://images.camelia.lt/fit-in/207x207/filters:fill(white,1)/p/10000115456/ec/aconitum-maisto-papildas-b-complex-40-kaps-0.png']"
"AGETIS DIAS FORTE tirpus kolagenas, granatų skonio, 30 pakelių","['https://images.camelia.lt/fit-in/207x207/filters:fill(white,1)/p/10000179832/d7/agetis-dias-forte-tirpus-kolagenas-granatu-skonio-30-pakeliu-0.png']"
"WALMARK cinkas, 15 mg, 30 tab.","['https://images.camelia.lt/fit-in/207x207/filters:fill(white,1)/p/10000120178/3c/walmark-cinkas-15-mg-30-tab-0.jpg']"
"POMI-T, 60 kaps.","['https://images.camelia.lt/fit-in/207x207/filters:fill(white,1)/p/10000172644/07/pomi-t-60-kaps-0.jpg']"
"WALMARK SELENAS, 100 mcg, 30 tab.","['https://images.camelia.lt/fit-in/207x207/filters:fill(white,1)/p/10000126723/f7/walmark-selenas-100-mcg-30-tab-0.jpg']"
"VIVAVIT maisto papildas VITAMINAI A + E, 30 kaps.","['https://images.camelia.lt/fit-in/207x207/filters:fill(white,1)/p/10000130868/33/vivavit-maisto-papildas-vitaminai-a-e-30-kaps-0.jpg']"
"ECOSH milteliai ŽARNYNO DETOX, 260 g","['https://images.camelia.lt/fit-in/207x207/filters:fill(white,1)/p/10000222422/74/ecosh-milteliai-zarnyno-detox-260-g-0.jpg']"
"SILICEA gelis ORIGINAL GEL+ BIOTIN, 500 ml","['https://images.camelia.lt/fit-in/207x207/filters:fill(white,1)/p/10000117442/5a/silicea-gelis-original-gel-biotin-500-ml-0.jpg']"
"NEW NORDIC multivitaminai moterims, 90 tab.","['https://images.camelia.lt/fit-in/207x207/filters:fill(white,1)/p/10000112412/f5/new-nordic-multivitaminai-moterims-90-tab-0.jpg']"
"AGETIS DIAS FORTE tirpus kolagenas, greipfrutų skonio, 30 pakelių","['https://images.camelia.lt/fit-in/207x207/filters:fill(white,1)/p/10000184764/17/agetis-dias-forte-tirpus-kolagenas-greipfrutu-skonio-30-pakeliu-0.jpg']"
"VIVAVIT maisto papildas NAKVIŠŲ ALIEJUS SU VITAMINU E 1000 mg, 90 kaps.","['https://images.camelia.lt/fit-in/207x207/filters:fill(white,1)/p/10000120567/e5/vivavit-maisto-papildas-nakvisu-aliejus-su-vitaminu-e-1000-mg-90-kaps-0.jpg']"
"OILEDIXIN maisto papildas VIT A+E, 10 ml","['https://images.camelia.lt/fit-in/207x207/filters:fill(white,1)/p/10000129888/29/oiledixin-maisto-papildas-vit-a-e-10-ml-0.jpg']"
"ACORUS BALANCE COLLAGEN BEAUTY SHOTS, 25 ml, 14 vnt.","['https://images.camelia.lt/fit-in/207x207/filters:fill(white,1)/p/10000212290/50/acorus-balance-collagen-beauty-shots-25-ml-14-vnt-0.jpg']"
"ECOSH Kurkuminas su BCM-95 ekstraktu, 90 kaps.","['https://images.camelia.lt/fit-in/207x207/filters:fill(white,1)/p/10000232609/6e/ecosh-kurkuminas-su-bcm-95-ekstraktu-90-kaps-0.jpg']"
"BIOFARMACIJA milteliai LIEKNĖK 1,5 g, 30 vnt.","['https://images.camelia.lt/fit-in/207x207/filters:fill(white,1)/p/10000168887/4e/biofarmacija-milteliai-lieknek-1-5-g-30-vnt-0.jpg']"
"VIVAVIT maisto papildas KOFERMENTAS Q10 30 mg, 60 kaps.","['https://images.camelia.lt/fit-in/207x207/filters:fill(white,1)/p/10000130951/48/vivavit-maisto-papildas-kofermentas-q10-30-mg-60-kaps-0.png']"
"SILICEA gelis su biotinu ir selenu DIRECT, miško uogų skonio, 30 pakelių, 15 ml","['https://images.camelia.lt/fit-in/207x207/filters:fill(white,1)/p/10000169423/35/silicea-gelis-su-biotinu-ir-selenu-direct-misko-uogu-skonio-30-pakeliu-15-ml-0.jpg']"
"BIOFARMACIJA CLEAN ME milteliai, 21 vnt.","['https://images.camelia.lt/fit-in/207x207/filters:fill(white,1)/p/10000183871/33/biofarmacija-clean-me-milteliai-21-vnt-0.png']"
"BEOTEBAL PLUS plaukams, odai, nagams, 30 tab.","['https://images.camelia.lt/fit-in/207x207/filters:fill(white,1)/p/10000271729/12/beotebal-plus-plaukams-odai-nagams-30-tab-0.png']"
"FJORD STRONG OMEGA-3 žuvų taukai su polifenoliais CARDIO, 60 kaps.","['https://images.camelia.lt/fit-in/207x207/filters:fill(white,1)/p/10000290777/14/fjord-strong-omega-3-zuvu-taukai-su-polifenoliais-cardio-60-kaps-0.jpg']"
"PHARMA NORD BIO-SELENIUM+ZINC, 30 tab.","['https://images.camelia.lt/fit-in/207x207/filters:fill(white,1)/p/10000117169/3e/pharma-nord-bio-selenium-zinc-30-tab-0.jpg']"
"VIRIDIAN maistio papildas SELENIUM 200 mcg, 90 kaps.","['https://images.camelia.lt/fit-in/207x207/filters:fill(white,1)/p/10000301491/5c/viridian-maistio-papildas-selenium-200-mcg-90-kaps-0.jpg']"
"WALMARK CHROM FORTE, 200 mcg, 30 tab.","['https://images.camelia.lt/fit-in/207x207/filters:fill(white,1)/p/10000170570/3f/walmark-chrom-forte-200-mcg-30-tab-0.jpg']"
